epoch,time,train/box_loss,train/pose_loss,train/kobj_loss,train/cls_loss,train/dfl_loss,metrics/precision(B),metrics/recall(B),metrics/mAP50(B),metrics/mAP50-95(B),metrics/precision(P),metrics/recall(P),metrics/mAP50(P),metrics/mAP50-95(P),val/box_loss,val/pose_loss,val/kobj_loss,val/cls_loss,val/dfl_loss,lr/pg0,lr/pg1,lr/pg2
1,9.79122,2.24408,9.93342,1.4157,1.90792,1.78936,0.59951,0.31606,0.33637,0.11584,0,0,0,0,3.1323,10.239,1.39294,2.68474,2.04338,0.000652778,0.000652778,0.000652778
2,18.2739,1.99449,9.08877,1.36947,1.47008,1.52364,0.62562,0.53683,0.50572,0.15777,0,0,0,0,2.83579,9.91061,1.32117,1.82508,1.6697,0.00105819,0.00105819,0.00105819
3,28.3203,1.88975,8.47609,1.33136,1.35457,1.4497,0.65061,0.60622,0.58327,0.17643,0,0,0,0,2.51243,9.41915,1.24531,1.68293,1.76504,0.00119961,0.00119961,0.00119961
4,38.8048,1.8381,8.07998,1.30307,1.22958,1.46712,0.76507,0.79307,0.73035,0.27975,0.01673,0.02073,0.00086,9e-05,2.06467,9.20044,1.21835,1.45542,1.39455,0.000812,0.000812,0.000812
5,48.696,1.74208,7.87858,1.28269,1.18411,1.40977,0.81714,0.73575,0.74759,0.27358,0.05655,0.04663,0.00389,0.00061,2.19381,8.81002,1.20452,1.36095,1.43775,0.000416,0.000416,0.000416
